{
  "name": "AppDynamics",
  "id": "dlopes7-appdynamics-datasource",
  "type": "datasource",
  "metrics": true,
  "annotations": false,
  "info": {
    "description": "Appdynamics datasource",
    "author": {
      "name": "David Lopes",
      "url": "http://github.com/dlopes7"
    },
    "logos": {
      "small": "img/appdynamics.svg",
      "large": "img/appdynamics.svg"
    },
    "links": [{
        "name": "GitHub",
        "url": "https://github.com/dlopes7/appdynamics-grafana-datasource"
      },
      {
        "name": "MIT License",
        "url": "https://github.com/dlopes7/appdynamics-grafana-datasource/blob/master/LICENSE"
      }
    ],
    "screenshots": [{
        "name": "Application Dashboard",
        "path": "img/screenshot-showcase.png"
      },
      {
        "name": "Applications Dashboard with Templating",
        "path": "img/grafana-multiple-apps.png"
      },
      {
        "name": "Metric Editor",
        "path": "img/screenshot-metric_editor.png"
      },
      {
        "name": "Templating",
        "path": "img/grafana-templating.png"
      }
    ],
    "version": "1.2.1",
    "updated": "2018-04-17"
  },
  "dependencies": {
    "grafanaVersion": "3.x.x",
    "plugins": []
  }
}